台灣哪一個地區以世界級數十萬隻紫斑蝶越冬聚集而聞名?,1,高雄茂林,花蓮太魯閣,南投清境,新北陽明山
紫斑蝶翅膀折射出耀眼幻彩紫光的主要成因為何?,1,物理微觀結構色光學干涉,翅膀表面特殊的紫色素分泌,吸收花蜜中的天然染劑,翅膀反光鏡的化學塗層
口訣「小紫點一邊、圓翅兩邊點」是用來辨識什麼?,1,紫斑蝶四種近緣種辨識特徵,斑蝶產卵的數量多寡,蝴蝶幼蟲的斑紋分布,不同年齡斑蝶的翅膀磨損
斯氏紫斑蝶幼蟲的主要寄主食草是哪種含有乳汁的植物?,1,羊角藤,桑樹,咸豐草,馬櫻丹
雄性紫斑蝶腹部末端受驚嚇或求偶時翻出的金黃毛狀構造稱為?,1,毛筆器,觸角器,發音器,腹足梳
台灣紫斑蝶大規模離開南部越冬谷啟程北遷的主要時節在?,1,每年三至四月（春分前後）,每年七至八月,每年十至十一月,每年一至二月
國道三號雲林林內段在路旁架設了多少公尺高的防護網以保護紫斑蝶?,1,4公尺高防護網,1公尺矮木樁,10公尺水泥防風牆,未架設任何設施
國道讓蝶機制在監測每分鐘通過蝶量達到多少隻時會封閉外側車道?,1,每分鐘超過250隻,每分鐘超過10隻,每分鐘超過2000隻,僅在夜間封閉
紫斑蝶經歷卵、幼蟲、蛹、成蝶四個階段的發育型態稱為?,1,完全變態,不完全變態,無變態發育,直接發育
確保紫斑蝶大遷徙奇觀世代延續的最根本保育行動為何?,1,保護越冬幽谷與沿途蜜源生態廊道,將所有紫斑蝶捕捉到溫室圈養,在森林廣設捕蟲燈,改種塑膠花
